id,question,question_natural,answer,documents,pages,answerable
fin_q_001,"What standard cost-of-capital rate (WACC) did DHL Group apply across its divisions to compute the asset charge behind its EBIT after asset charge in fiscal year 2025, and was it changed compared with earlier years?","What WACC did DHL Group use to compute the asset charge for EBIT after asset charge in 2025, and did it change from prior years?",DHL Group applied a standard WACC of 8.5% across all divisions in FY2025 (this is also the minimum target for projects and investments in the Group). The rate was not changed: in 2025 it was maintained at a constant level compared with the previous years.,fin_doc_011.pdf,fin_doc_011.pdf:34,True
fin_q_002,"What gross profit did the Global Forwarding business unit (part of DHL Group's Global Forwarding, Freight division) report for fiscal year 2024, and how did it change versus 2023?","What was gross profit of DHL's Global Forwarding business unit in 2024, and how did it change versus 2023?","Gross profit of the Global Forwarding business unit was €3,467 million in FY2024, down 5.9% from the previous year (2023). This is the business unit's figure, not the whole Global Forwarding, Freight division.",fin_doc_012.pdf,fin_doc_012.pdf:40,True
fin_q_003,"In DHL Group's consolidated net debt calculation as of December 31, 2025, what were the bonds, the lease liabilities and the total financial assets deducted?","What bonds, lease liabilities and financial assets went into DHL Group's net debt calculation at end-2025?","As of December 31, 2025 (consolidated, € million): bonds €9,943 million, lease liabilities €14,789 million, and total financial assets (cash and cash equivalents, current financial assets and positive fair value of noncurrent derivatives) deducted in the net debt calculation of €5,067 million. (These net-debt components differ slightly from the balance-sheet financial liabilities table, e.g. other financial liabilities, because operating financial items are excluded.)",fin_doc_011.pdf,fin_doc_011.pdf:56,True
fin_q_004,"In DHL Group's free cash flow reconciliation for the full year 2025, what were the repayment of lease liabilities and the interest on lease liabilities, and what was the resulting total cash outflow for leases (including lease receivables)?","What were DHL Group's 2025 lease liability repayments, interest on lease liabilities and total cash outflow for leases?","For the full year FY2025: repayment of lease liabilities €-2,715 million and interest on lease liabilities €-719 million (outflows). Together with proceeds from lease receivables of €192 million and interest from lease receivables of €42 million, the total cash outflow for leases was €-3,200 million (i.e. €3,200 million outflow). The full-year column is meant, not the Q4 2025 column.",fin_doc_011.pdf,fin_doc_011.pdf:54,True
fin_q_005,"How much revenue did DHL Group's Global Forwarding business unit generate in fiscal year 2024 from air freight, ocean freight and other services, in € million?","What revenue did DHL's Global Forwarding business unit make from air freight, ocean freight and other services in 2024?","In FY2024 the Global Forwarding business unit's revenue was €6,275 million from air freight, €5,824 million from ocean freight and €2,460 million from other services, totalling €14,559 million (this is the business unit, not the whole Global Forwarding, Freight division with €19,649 million; the volume table is in thousands of metric tons/TEU, not €).",fin_doc_012.pdf,fin_doc_012.pdf:41,True
fin_q_006,"How did DHL Group's EBIT after asset charge (EAC) change between fiscal year 2024 and fiscal year 2025, and what happened to the asset charge?",How did DHL Group's EBIT after asset charge and its asset charge change from 2024 to 2025?,"EAC rose from €2,207 million in FY2024 to €2,354 million in FY2025 (+6.6%). EBIT increased from €5,886 million to €6,103 million (+3.7%) while the asset charge rose only slightly, from €3,679 million to €3,749 million (+1.9%), so EBIT growth exceeded the rise in the asset charge.",fin_doc_011.pdf,fin_doc_011.pdf:43,True
fin_q_007,"How did DHL Group's equity ratio, net gearing and net interest cover change between December 31, 2024 and December 31, 2025 (consolidated)?","How did DHL Group's equity ratio, net gearing and net interest cover change between end-2024 and end-2025?","Equity ratio fell from 34.6% to 31.9%; net gearing rose from 44.0% to 48.7%; net interest cover (EBIT relative to net interest expenses) declined from 8.8 to 8.5. Net debt rose from €18,998 million to €21,516 million over the same period.",fin_doc_011.pdf,fin_doc_011.pdf:55,True
fin_q_008,"According to DHL Group's 2024 annual report, how did EBIT of the Express division develop in fiscal year 2024 versus 2023, and how did the fourth quarter of 2024 compare with the fourth quarter of 2023?","How did DHL Express EBIT develop in 2024 versus 2023, and in Q4 2024 versus Q4 2023?","Express division EBIT in FY2024 was €3,084 million, 4.5% below the prior-year (2023) figure, with an EBIT margin of 12.3%. In Q4 2024 EBIT reached €1,083 million, 42.9% above the Q4 2023 figure (helped by a peak-season demand surcharge).",fin_doc_012.pdf,fin_doc_012.pdf:38,True
fin_q_010,"For the full year 2025, what share of DHL Group's total Group capex (acquired assets plus right-of-use assets) related to right-of-use assets? Give the answer as a percentage to one decimal place.",What share of DHL Group's 2025 capex related to right-of-use assets?,"Group capex relating to right-of-use assets was €3,545 million out of total Group capex of €6,494 million in FY2025 (full-year table, Group column), i.e. 3,545 / 6,494 = 54.6% (rounded to one decimal). The remaining €2,950 million (45.4%) related to acquired assets.",fin_doc_011.pdf,fin_doc_011.pdf:53,True
fin_q_011,"What was DHL Group's effective income tax rate for fiscal year 2025 (income taxes divided by profit before income taxes, consolidated)? Give the answer as a percentage to one decimal place.",What was DHL Group's effective tax rate in 2025?,"FY2025 income taxes were €1,540 million (shown as an expense of -1,540) on profit before income taxes of €5,246 million, so the effective tax rate was 1,540 / 5,246 = 29.4% (rounded to one decimal).",fin_doc_011.pdf,fin_doc_011.pdf:162,True
fin_q_012,"DHL Group grew consolidated EBIT in fiscal year 2025. By how much did Group EBIT change, and which of the five operating divisions (Express, Global Forwarding Freight, Supply Chain, eCommerce, Post & Parcel Germany) reported lower EBIT than in 2024?","How much did DHL Group's EBIT change in 2025, and which division posted lower EBIT than in 2024?","Group EBIT rose €217 million to €6,103 million in FY2025 (2024: €5,886 million). Only the Global Forwarding, Freight division reported lower EBIT: €756 million versus €1,074 million in 2024 (-29.6%). The other four divisions improved: Express €3,162 million (2024: €3,084 million, +2.5%), Supply Chain €1,161 million (2024: €1,068 million, +8.7%), eCommerce €379 million (2024: €281 million, +35.3%) and Post & Parcel Germany €1,032 million (2024: €821 million, +25.8%).",fin_doc_011.pdf,fin_doc_011.pdf:42|fin_doc_011.pdf:44|fin_doc_011.pdf:46|fin_doc_011.pdf:47|fin_doc_011.pdf:48|fin_doc_011.pdf:49,True
fin_q_013,"How did DHL Group's consolidated net debt change in fiscal year 2025, and, according to the management report's discussion of the balance sheet (balance-sheet financial liabilities, not the net-debt table), which financing transactions were the main drivers of the increase in financial liabilities?","How did DHL Group's net debt change in 2025, and which financing transactions drove the rise in its financial liabilities?","Net debt increased by €2,518 million, from €18,998 million at December 31, 2024 to €21,516 million at December 31, 2025. Balance-sheet financial liabilities rose from €24,209 million to €27,489 million (this differs from the €26,583 million 'financial liabilities' subtotal in the net-debt table, which excludes operating items), mainly because of bonds placed during 2025 with a total principal of €4.5 billion; the repayment of the 2017/2025 convertible bond (€1.0 billion) had an opposite effect.",fin_doc_011.pdf,fin_doc_011.pdf:55|fin_doc_011.pdf:56,True
fin_q_014,"What was DHL Group's consolidated profit before income taxes for fiscal year 2024 as originally reported in the 2024 annual report, does the 2025 annual report show the same comparative figure, and what was the FY2025 amount?","Is DHL Group's 2024 profit before income taxes the same in its 2024 and 2025 annual reports, and what was it in 2025?","The 2024 annual report reports FY2024 profit before income taxes of €5,063 million. The 2025 annual report shows the FY2024 comparative as €5,062 million, i.e. €1 million lower. The difference stems from the commercial rounding introduced from fiscal year 2025 (prior-year figures were adjusted accordingly; apart from rounding there were no adjustments to prior-year figures). FY2025 profit before income taxes was €5,246 million.",fin_doc_012.pdf|fin_doc_011.pdf,fin_doc_012.pdf:151|fin_doc_011.pdf:162|fin_doc_011.pdf:18|fin_doc_011.pdf:176,True
fin_q_015,"Using DHL Group's 2024 and 2025 annual reports, how did EBIT of the Global Forwarding, Freight division evolve from 2023 to 2024 to 2025, and what was the cumulative percentage decline from 2023 to 2025 (one decimal place)?","How did EBIT of DHL's Global Forwarding, Freight division evolve from 2023 to 2025, and what was the cumulative decline?","Global Forwarding, Freight division EBIT was €1,423 million in 2023, €1,074 million in 2024 (-24.5%) and €756 million in 2025 (-29.6%). Cumulative change 2023 to 2025: (756 − 1,423) / 1,423 = -46.9%, i.e. a decline of about 46.9% (the 2024 figure of €1,074 million is identical in both reports).",fin_doc_012.pdf|fin_doc_011.pdf,fin_doc_012.pdf:41|fin_doc_011.pdf:46,True
fin_q_016,"How does DHL Group calculate free cash flow (FCF) as a management indicator, and which indicator replaces FCF as the management indicator from 2026?","How does DHL Group calculate free cash flow, and what replaces it as a management indicator from 2026?","DHL Group calculates free cash flow (FCF) as free cash flow excluding acquisitions and divestitures (FCF excl. M&A) plus or minus the cash inflow/outflow from acquisitions/divestitures. FCF excl. M&A is itself derived from operating cash flow (OCF): OCF plus or minus the cash inflow/outflow from change in property, plant and equipment and intangible assets, minus the cash outflow for leases, plus or minus net interest paid (excluding leases). FCF is a management indicator derived from OCF that shows how much cash is available for paying out dividends or repaying debt at the end of a reporting period. Starting from 2026, FCF will be replaced as a management indicator by free cash flow excluding acquisitions and divestitures (FCF excl. M&A).",fin_doc_011.pdf,fin_doc_011.pdf:35|fin_doc_011.pdf:36,True
fin_q_017,"How does DHL Group define its equity ratio and its net gearing ratio, and what were their values at year-end 2025?","How does DHL Group define equity ratio and net gearing, and what were they at end-2025?","Equity ratio = equity (including noncontrolling interests) divided by total assets; net gearing = net debt divided by the total of net debt and equity (including noncontrolling interests). At December 31, 2025 the equity ratio was 31.9% and net gearing was 48.7%.",fin_doc_011.pdf,fin_doc_011.pdf:3|fin_doc_011.pdf:56,True
fin_q_018,What was DHL Group's consolidated EBIT in the first quarter of 2026?,What was DHL Group's EBIT in the first quarter of 2026?,"This cannot be established from the available documents. The DHL Group annual reports for 2024 and 2025 cover fiscal years up to 2025 (and give only an outlook for 2026 plus a financial calendar listing April 30, 2026 as the date for first-quarter 2026 results); actual Q1 2026 results are not included.",,,False
fin_q_019,"Under the SRB MREL instruction notified to Belfius by the National Bank of Belgium, what are Belfius Bank's consolidated total and subordinated MREL requirements, expressed as a percentage of total risk exposure amount (TREA) and of leverage ratio exposure (LRE), excluding the combined buffer requirement (CBR), and from what date must they be met?","What are Belfius Bank's consolidated total and subordinated MREL requirements, in % of TREA and LRE excluding the CBR, and from when do they apply?","Under the SRB MREL instruction that the NBB notified to Belfius on 18 November 2025, Belfius Bank's consolidated MREL requirement (excluding the CBR) is 23.68% of TREA and 7.07% of LRE, and the subordination requirement is 13.50% of TREA and 7.07% of LRE. Both must be met from 18 November 2025. Including the CBR (5.23% of TREA), the binding TREA-based targets are 28.91% (total) and 18.73% (subordinated); Belfius met its MREL requirements at the end of 2025.",fin_doc_002.pdf,fin_doc_002.pdf:39|fin_doc_002.pdf:39,True
fin_q_020,"What was Luzerner Kantonalbank's largest single-issuer concentration in the collateral it uses to mitigate credit risk as at 31 December 2025, expressed relative to its Tier 1 capital?","What was Luzerner Kantonalbank's largest single-issuer collateral concentration at end-2025, relative to Tier 1 capital?","As at 31 December 2025, Luzerner Kantonalbank's largest collateral exposure to a single issuer amounted to 6% of Tier 1 capital (the report: ""the highest proportion of collateral used by an issuer was 6 % of Tier 1 capital""). Concentration risks are limited by maximum limits per credit exposure, depending on the collateral or the type of borrower.",fin_doc_007.pdf,fin_doc_007.pdf:28,True
fin_q_021,"Under which approach is Belfius Bank allowed to calculate regulatory capital for general interest rate risk and foreign exchange risk, and what share of its total risk exposure amount did market risk requirements represent at the end of 2025?","Which approach does Belfius use for market risk capital on interest rate and FX risk, and what share of TREA was market risk at end-2025?","Since 25 June 2013 Belfius has been authorised to use its historical VaR model (Internal Model Approach) for the regulatory capital requirement, currently granted for general interest rate risk and foreign exchange risk (the Standardised Approach applies to specific interest rate risk, equity risk and commodity risk). At the end of 2025, market risk requirements accounted for 2.2% of Belfius' total risk exposure amount (TREA).",fin_doc_002.pdf,fin_doc_002.pdf:11,True
fin_q_022,"What were the risk-weighted exposure amounts for operational risk of ASN Bank at 31 December 2025 and at 31 December 2024 as reported in its Pillar 3 overview of RWA (31 December 2025 on a CRR 3 basis, 31 December 2024 as originally reported on a CRR 2 basis, not restated), and what was the own funds requirement for operational risk at 31 December 2025?","What was ASN Bank's operational risk RWA at end-2025 (CRR3) and end-2024 (CRR2, as reported), and its 2025 own funds requirement?","ASN Bank's operational risk total risk exposure amount (TREA) was EUR 2,507 million at 31 December 2025 versus EUR 1,961 million at 31 December 2024 (an increase of EUR 546 million; the 2025 figures are on a CRR 3 basis, the 2024 figure on a CRR 2 basis). The own funds requirement for operational risk at 31 December 2025 was EUR 201 million.",fin_doc_004.pdf,fin_doc_004.pdf:17,True
fin_q_023,"In Luzerner Kantonalbank's 2025 disclosure report (IRRBB), what was the largest negative change in the economic value of equity at 31 December 2025 under the supervisory shock scenarios, which scenario caused it, how did it compare with 31 December 2024, and what was the maximum negative change in net interest income?","What was Luzerner Kantonalbank's worst IRRBB change in economic value of equity at end-2025, from which scenario, versus 2024, and worst NII change?","At 31 December 2025 the largest negative change in the economic value of equity was CHF -285.4 million, caused by the parallel down scenario (31 December 2024: CHF -528.7 million, also parallel down). The maximum (largest negative) change in net interest income at 31 December 2025 was CHF -38.0 million (31 December 2024: CHF -80.4 million).",fin_doc_007.pdf,fin_doc_007.pdf:43,True
fin_q_024,"How did the stock of defaulted loans and debt securities of Luzerner Kantonalbank change during 2025 (credit risk disclosure), including new defaults, returns to non-defaulted status and write-offs?","How did Luzerner Kantonalbank's defaulted loans and debt securities change in 2025, including new defaults, cures and write-offs?","Defaulted loans and debt securities rose from CHF 197.2 million at 31 December 2024 to CHF 260.7 million at 31 December 2025. The movement comprised new defaults of CHF 109.1 million, returns to non-defaulted status of CHF -42.8 million, partial or full write-offs of CHF -5.8 million and other changes of CHF +3.0 million. (Defaulted loans and debt securities account for 0.5% of the total volume.)",fin_doc_007.pdf,fin_doc_007.pdf:25,True
fin_q_025,"As reported in ASN Bank's Pillar 3 key metrics table (31 December 2025 on a CRR 3 basis, 31 December 2024 as originally reported on a CRR 2 basis, not restated), how did the Common Equity Tier 1 ratio change between 31 December 2024 and 31 December 2025, and what happened to CET1 capital and total risk exposure amount behind that move?","How did ASN Bank's CET1 ratio, CET1 capital and total risk exposure amount change from end-2024 (CRR2, as reported) to end-2025 (CRR3)?","ASN Bank's CET1 ratio fell from 20.18% at 31 December 2024 to 19.79% at 31 December 2025 (a decline of 0.39 percentage points). CET1 capital rose from EUR 3,442 million to EUR 3,613 million, but total risk exposure amount rose by more, from EUR 17,059 million to EUR 18,259 million. Note that the 2025 figures are on a CRR 3 basis while the 31 December 2024 figures in the table are the unadjusted CRR 2 figures.",fin_doc_004.pdf,fin_doc_004.pdf:14,True
fin_q_026,"What was Luzerner Kantonalbank's consolidated (Group) Basel III leverage ratio at 31 December 2025, and how much headroom did it have over the 3% leverage ratio minimum requirement, in percentage points and in Swiss francs of Tier 1 capital?","What was Luzerner Kantonalbank Group's leverage ratio at end-2025, and its headroom over the 3% minimum, in pp and CHF?","At 31 December 2025 the Group leverage ratio was 7.71% (Tier 1 capital of CHF 5,050.6 million over total Basel III leverage ratio exposure of CHF 65,472.3 million, as shown in the Group key metrics; the parent company alone reports 7.61%). The leverage ratio minimum requirement was CHF 1,964.2 million, i.e. 3% of the exposure, so Tier 1 capital exceeded the minimum by CHF 3,086.4 million (5,050.6 - 1,964.2), a headroom of 4.71 percentage points (3,086.4 / 65,472.3 = 4.714%, consistent with 7.71% - 3.00%).",fin_doc_007.pdf,fin_doc_007.pdf:19|fin_doc_007.pdf:7,True
fin_q_027,"At 30 June 2025, how much capital headroom did Commonwealth Bank of Australia (Europe) N.V. have over its overall capital requirement (total SREP own funds requirement plus combined buffer requirement, as a percentage of total risk exposure amount), expressed in EUR and in percentage points, given that its own funds consist entirely of CET1 capital?","How much CET1 headroom did Commonwealth Bank of Australia (Europe) N.V. have over its overall capital requirement at 30 June 2025, in EUR?","At 30 June 2025 CBA Europe's CET1 capital (equal to its total capital) was EUR 351,400 thousand (EUR 351.4 million) against a total risk exposure amount of EUR 1,118,137 thousand (EUR 1.118 billion), giving a CET1 ratio of 31.43%. Its overall capital requirement was 17.42% of TREA (total SREP own funds requirement 13.98% plus combined buffer requirement 3.44%), i.e. EUR 194.8 million. The headroom was therefore about EUR 156.6 million (351,400 - 0.1742 x 1,118,137 = EUR 156,620.5 thousand), or 14.01 percentage points (31.43% - 17.42%). Amounts in the regulatory templates are in EUR thousands.",fin_doc_008.pdf,fin_doc_008.pdf:6|fin_doc_008.pdf:7|fin_doc_008.pdf:5,True
fin_q_028,"At the end of 2025, how did Belfius Bank's consolidated CET1 ratio compare with its minimum SREP requirement and its minimum operational target, and what was the CET1 capital amount and its change versus end-2024?","How did Belfius's end-2025 CET1 ratio compare with its SREP requirement and operational target, and how did CET1 capital change versus 2024?","Belfius' CET1 ratio was 15.87% at the end of 2025 (down 29 bps versus the pro forma CRR 3/CRD 6 2024 ratio; 15.38% as originally reported under CRR 2/CRD 5 for December 2024). That is above its minimum SREP requirement of 10.88% (headroom of 4.99 percentage points) and its minimum operational target of 13.5%. CET1 capital amounted to EUR 11,449 million at the end of 2025, compared with EUR 11,560 million at the end of 2024, a decrease of EUR 111 million.",fin_doc_002.pdf,fin_doc_002.pdf:33|fin_doc_002.pdf:35|fin_doc_002.pdf:38,True
fin_q_029,Compare the CET1 ratio of ASN Bank (Pillar 3 report) at 31 December 2025 with that of Luzerner Kantonalbank on a consolidated Group basis at 31 December 2025. Which institution reported the higher ratio?,Which had the higher CET1 ratio at end-2025: ASN Bank or Luzerner Kantonalbank Group?,"At 31 December 2025, ASN Bank reported a CET1 ratio of 19.79%, while Luzerner Kantonalbank (Group) reported 14.66%. ASN Bank's ratio is therefore higher, by about 5.13 percentage points. (The two ratios are on different regulatory bases: EU CRR 3 for ASN Bank, Swiss Basel III rules for LUKB.)",fin_doc_004.pdf|fin_doc_007.pdf,fin_doc_004.pdf:14|fin_doc_007.pdf:7,True
fin_q_030,"How did the liquidity coverage ratio (LCR) change from 2024 to 2025 at Belfius Bank (LCR at year-end as reported in its 2025 risk report) and at Luzerner Kantonalbank Group (LCR as reported in its key metrics for 31 December 2025 and 31 December 2024, the 2025 figure being the Q4 average of monthly values), and which bank's LCR declined?",How did Belfius Bank's year-end LCR and Luzerner Kantonalbank Group's key-metrics LCR change from 2024 to 2025?,"Belfius Bank's LCR rose from 139% at the end of 2024 to 144% at the end of 2025, an increase of 5 percentage points. Luzerner Kantonalbank Group's LCR in its key metrics fell from 148.44% at 31 December 2024 to 129.69% at 31 December 2025 (the Q4 2025 simple average of monthly LCR values), a decrease of 18.75 percentage points. So LUKB's LCR declined while Belfius' improved; each change is measured on the bank's own consistent basis, and the two levels are not directly comparable because the bases differ.",fin_doc_002.pdf|fin_doc_007.pdf,fin_doc_002.pdf:73|fin_doc_007.pdf:8|fin_doc_007.pdf:21,True
fin_q_031,What was Luzerner Kantonalbank's CET1 ratio at 30 June 2026 according to its disclosure reports?,What was Luzerner Kantonalbank's CET1 ratio at 30 June 2026?,"This cannot be established from the available documents. The Luzerner Kantonalbank 2025 disclosure report only provides CET1 ratios as at 31 December 2025 (14.66% for the Group), 30 June 2025 and 31 December 2024; no 30 June 2026 figure is disclosed.",,,False
fin_q_032,"What was the European Central Bank's total financial risk at the end of 2025, measured as expected shortfall at the 99% confidence level over a one-year horizon on the accounting approach, and how did it compare with the end of 2024?","What was the ECB's total financial risk (99% expected shortfall) at end-2025, and how did it compare with 2024?","EUR 15.2 billion at the end of 2025 (expected shortfall at 99% confidence, one-year horizon, accounting approach). This was slightly lower than the estimated risks at the end of 2024; the report does not give an exact 2024 figure in the text.",fin_doc_001.pdf,fin_doc_001.pdf:27,True
fin_q_033,"What consolidated Solvency II ratio did Belfius Insurance report at 31 December 2025, and what minimum ratio has it set in its own risk appetite framework?","What was Belfius Insurance's Solvency II ratio at end-2025, and its risk-appetite minimum?","The Solvency II ratio of Belfius Insurance was 201% at the end of December 2025 (up from 196% a year earlier, after the foreseeable dividend). Its Risk Appetite framework sets a minimum Solvency II ratio of 160%, in addition to the 100% minimum regulatory requirement.",fin_doc_003.pdf,fin_doc_003.pdf:67,True
fin_q_034,How does the Central Bank of the Republic of Türkiye manage the credit risk it faces in its reserve management versus in its monetary and exchange rate policy operations?,"How does the Turkish central bank manage credit risk in reserve management versus monetary and FX policy operations, including collateral and settlement safeguards?","For reserve management, credit risk is managed by identifying leading international financial institutions and borrowers with high credit quality and allocating credit risk limits to these entities. For monetary and exchange rate policy operations, credit risk is managed by obtaining collateral covering the full transaction amount along with a specified margin; for some transactions payment-after-collection is also used, which largely minimises exposure.",fin_doc_006.pdf,fin_doc_006.pdf:74,True
fin_q_035,"In Belfius Insurance's consolidated Solvency II capital requirement table at 31 December 2025, what were the Insurance Risk, Credit Risk and Operational Risk components and the total SCR, in EUR million?","What were Belfius Insurance's insurance, credit and operational risk SCR components and total SCR at end-2025?","At 31 December 2025 (EUR million): Insurance Risk 867, Credit Risk 97, Operational Risk 86, and total Solvency II Capital Requirement (SCR) 1,134. (Prior year, 31/12/2024: 803, 103, 86 and 1,067 respectively.)",fin_doc_003.pdf,fin_doc_003.pdf:66,True
fin_q_036,"In the Central Bank of the Republic of Türkiye's balance sheet at 31 December 2025, what was the amount of banking-sector required reserves held in blocked accounts, and how was it split between cash and gold?","How much were banks' required reserves in blocked accounts at the CBRT at end-2025, split between cash and gold?","Required reserves in blocked accounts (banking sector deposits) were TRY 3,694,946,197,020 (about TRY 3.69 trillion) at 31 December 2025, of which cash was TRY 2,798,495,224,730 and gold was TRY 896,450,972,290. At 31 December 2024 the total was TRY 2,299,640,404,869. The statements are presented in Turkish lira, in whole lira.",fin_doc_006.pdf,fin_doc_006.pdf:105|fin_doc_006.pdf:107,True
fin_q_037,How did the European Central Bank's result for the year change between 2024 and 2025?,How did the ECB's annual result change from 2024 to 2025?,"The ECB's loss for the year narrowed from EUR 7,944 million in 2024 to EUR 1,254 million in 2025 (reported as (7,944) and (1,254)), i.e. EUR 6,690 million smaller.",fin_doc_001.pdf,fin_doc_001.pdf:33,True
fin_q_038,"How did the Central Bank of the Republic of Türkiye's net interest income/expense change in 2025 compared with 2024, and how did its interest income and interest expense lines each move?","How did the CBRT's net interest income/expense, interest income and interest expense change in 2025 vs 2024?","Net interest income/expense moved further into deficit: a net interest expense of TRY 898,488,575,631 in 2025 (about TRY 898.5 billion) versus TRY 261,022,874,810 in 2024 (about TRY 261.0 billion), a deterioration of TRY 637,465,700,821 (about TRY 637.5 billion). By line: interest expense rose from TRY 754,474,988,076 to TRY 1,353,576,337,401 (+TRY 599.1 billion), while interest income fell from TRY 493,452,113,266 to TRY 455,087,761,770 (-TRY 38.4 billion). The annual report does not give a narrative explanation of the causes; the answer is the line-item movement only. Figures are in whole Turkish lira; negative values denote expense.",fin_doc_006.pdf,fin_doc_006.pdf:106|fin_doc_006.pdf:107,True
fin_q_039,"According to Prudential International Assurance plc's (PIA) 2025 Solvency and Financial Condition Report, what was its Minimum Capital Requirement (MCR) at 31 December 2025 and 2024, which element of the MCR calculation determined it (linear formula, cap or floor), and in which tier are the eligible own funds that cover it?","What was Prudential International Assurance's minimum capital requirement at end-2025, what sets it, and what tier is its own funds?","PIA's Minimum Capital Requirement was £35m at 31 December 2025 (2024: £72m); in the S.28.01 template it is £34,684 thousand. The MCR is subject to a floor of 25% of SCR and a cap of 45% of SCR. The linear MCR was only £17m (2024: £16m), below the floor of £35m (25% of the £139m SCR; cap £62m), so the floor is binding: the MCR is currently 25% of SCR, and its reduction is driven by the corresponding change in the SCR. PIA's eligible own funds of £430m (2024: £407m) are all Tier 1 capital (unrestricted): ordinary share capital £65m, reconciliation reserve £277m and other items approved by the supervisory authority as basic own funds £88m; PIA has no ancillary own funds. The ratio of eligible own funds to MCR was 1238.73%.",fin_doc_005.pdf,fin_doc_005.pdf:55|fin_doc_005.pdf:53|fin_doc_005.pdf:62,True
fin_q_040,"Under the European Central Bank's accounting policies, how are unrealised gains and unrealised losses on gold, currencies and securities treated in its financial statements?","How does the ECB account for unrealised gains and losses on gold, currencies and securities?","Unrealised gains are not recognised as income but are transferred directly to a revaluation account. Unrealised losses are recorded in the profit and loss account only if, at year-end, they exceed previous revaluation gains accumulated in the corresponding revaluation account; they are not netted against unrealised gains in other securities, currencies or gold, and when recorded the average cost of the item is reduced to the year-end exchange rate or market price.",fin_doc_001.pdf,fin_doc_001.pdf:36,True
fin_q_041,"According to Belfius Insurance's consolidated 2025 Solvency and Financial Condition Report, what would its Solvency II ratio be under a +50bp credit spread shock on government bonds, how many percentage points below the end-2025 base case is that, and would the ratio stay above the minimum Solvency II ratio set in its Risk Appetite framework?","What would Belfius Insurance's Solvency II ratio be after a +50bp government bond spread shock, and would it stay above its risk appetite minimum?","Under a +50bps credit spread shock on government bonds, Belfius Insurance's Solvency II ratio would fall from the base case of 201% (after dividend, end of December 2025) to 185%, a change of -15pp as stated in the sensitivity table, i.e. 15 percentage points below the base case (the difference of the rounded ratios, 201 - 185, would be 16 points; the table's deltas are computed on unrounded ratios, e.g. the -50bps interest rate shock shows 211% and +11pp). At 185% the ratio would remain above the 160% minimum Solvency II ratio defined in its Risk Appetite framework (and well above the 100% regulatory minimum).",fin_doc_003.pdf,fin_doc_003.pdf:67,True
fin_q_042,What Solvency II ratio did Belfius Insurance project for 31 December 2026 in its capital planning?,What Solvency II ratio does Belfius Insurance project for end-2026?,"This cannot be established from the available documents. The Belfius Insurance SFCR reports the Solvency II ratio at 31 December 2025 (201%) and describes the projected evolution of own funds and SCR qualitatively, but it does not disclose a numerical projected Solvency II ratio for 31 December 2026.",,,False
fin_q_044,"In the statement of comprehensive income of Guggenheim Global Investments plc for the year ended 31 December 2025, how large was the expense waiver credited to the GGI Fund sub-fund, and what was the GGI Fund's total operating expense after that waiver?","How big was the expense waiver for Guggenheim's GGI Fund in 2025, and its net operating expense after it?","For the GGI Fund (financial year 2025, USD '000): the expense waiver was a credit of USD 237 thousand, and total operating expense after the waiver was USD (155) thousand, i.e. a net expense of about USD 155 thousand.",fin_doc_009.pdf,fin_doc_009.pdf:17,True
fin_q_045,"In the statement of changes in net assets attributable to redeemable participating shares (capital transactions), how did redemptions of the GGI Fund sub-fund of Guggenheim Global Investments plc in the financial year 2025 compare with 2024?",How did redemptions in Guggenheim's GGI Fund change in 2025 vs 2024?,"On the statement of changes in net assets basis, GGI Fund redemptions were USD (1,660) thousand in 2025 versus USD (18,496) thousand in 2024, i.e. redemptions fell sharply (by USD 16,836 thousand, about -91.0%). The GFI Fund figures (USD (149,697) thousand and USD (185,982) thousand) belong to a different sub-fund. The cash flow statement shows different cash-basis amounts for GGI Fund (USD 1,831 thousand in 2025, USD 18,325 thousand in 2024) because of payables timing; those are not the figures asked for.",fin_doc_009.pdf,fin_doc_009.pdf:18,True
fin_q_046,By what percentage did the net assets attributable to holders of redeemable participating shares of the GFI Fund sub-fund of Guggenheim Global Investments plc change between 31 December 2024 and 31 December 2025?,"How did net assets of Guggenheim's GFI Fund change in 2025, from what to what and by what percentage?","GFI Fund net assets rose from USD 703,905 thousand at 31 December 2024 to USD 752,433 thousand at 31 December 2025, an increase of USD 48,528 thousand, i.e. +6.9% (6.89% before rounding to one decimal).",fin_doc_009.pdf,fin_doc_009.pdf:16,True
fin_q_048,"What was the EBIT of the Fresenius Kabi business segment in 2025 according to Fresenius' consolidated segment reporting, and on what basis is this figure presented?","What was Fresenius Kabi's 2025 segment EBIT, and is it before or after special items?","Fresenius Kabi's segment EBIT was EUR 1,413 million in 2025 (EUR 1,319 million in 2024, +7%). The Kabi and Helios segment columns are shown before special items, so this is not the same as an after-special-items figure (the Corporate/Other column is after special items).",fin_doc_010.pdf,fin_doc_010.pdf:9,True
fin_q_049,"How did net income attributable to the shareholders of Fresenius SE & Co. KGaA in fiscal year 2025 compare with 2024 in the consolidated statement of income (total, including discontinued operations)?",How did Fresenius's net income attributable to shareholders change in 2025 vs 2024?,"Net income attributable to shareholders of Fresenius SE & Co. KGaA was EUR 1,264 million in 2025 versus EUR 471 million in 2024 (the same figure in the restated and the previously reported 2024 columns), an increase of EUR 793 million (about +168%). This is the total including discontinued operations.",fin_doc_010.pdf,fin_doc_010.pdf:2,True
fin_q_050,"What was Fresenius Group's total net cash provided by operating activities (including discontinued operations) in 2025 in the consolidated statement of cash flows, and what operating cash flow did the Fresenius Helios segment report for 2025 in the consolidated segment reporting, on what basis (before or after special items)?","What was Fresenius Group's 2025 operating cash flow, and Helios's segment operating cash flow and its basis?","Group total net cash provided by operating activities in 2025 was EUR 2,574 million in the consolidated statement of cash flows, made up of EUR 2,606 million from continuing operations and EUR -32 million from discontinued operations. In the consolidated segment reporting, Fresenius Helios reported operating cash flow of EUR 1,607 million for 2025 (2024: EUR 1,575 million), stated before special items (footnote 1 on the 2025 and 2024 Kabi and Helios columns).",fin_doc_010.pdf,fin_doc_010.pdf:5|fin_doc_010.pdf:9,True
fin_q_051,"Based on DHL Group's consolidated segment reporting for fiscal year 2025, which of the five operating divisions (Express; Global Forwarding, Freight, which is a single division; Supply Chain; eCommerce; Post & Parcel Germany) had the highest EBIT margin (EBIT divided by total division revenue, including internal revenue; Group Functions and Consolidation excluded), and what was that margin to one decimal place?","Which DHL Group division had the highest EBIT margin on total revenue in 2025, and what was it?","The Express division had the highest EBIT margin in FY2025: EBIT of €3,162 million on total revenue of €24,430 million, i.e. 12.9%. The other divisions were lower: Post & Parcel Germany 5.8% (€1,032 million / €17,874 million), Supply Chain 6.5% (€1,161 million / €17,778 million), eCommerce 5.5% (€379 million / €6,884 million) and Global Forwarding, Freight 4.1% (€756 million / €18,643 million).",fin_doc_011.pdf,fin_doc_011.pdf:194|fin_doc_011.pdf:195,True
fin_q_053,"Among DHL Group's five operating divisions (Express; Global Forwarding, Freight, which is a single division; Supply Chain; eCommerce; Post & Parcel Germany; Group Functions excluded), which one recorded the largest absolute reduction in average full-time equivalents (FTEs) between fiscal year 2024 and fiscal year 2025, and by how many FTEs did it fall?","Which DHL division cut average FTEs the most in 2025, and by how many?","Post & Parcel Germany had the largest reduction: average FTEs fell by 3,723 (a change of -3,723), from 157,337 in 2024 to 153,614 in 2025. Next was Supply Chain (-3,492, from 185,413 to 181,921), then Express (-2,498), Global Forwarding, Freight (-1,648) and eCommerce (-670). Group Functions (-621) is not an operating division and is excluded.",fin_doc_011.pdf,fin_doc_011.pdf:194|fin_doc_011.pdf:195,True
fin_q_054,"Looking at DHL Group's consolidated net debt at each year-end from 2020 through 2025, at which year-end was it lowest, and what was the figure (in € million) and the next-lowest year-end?","At which year-end from 2020 to 2025 was DHL Group's net debt lowest, and which was next-lowest?","Net debt was lowest at December 31, 2021, at €12,772 million. The next-lowest was December 31, 2020 at €12,928 million. The other year-ends were higher: 2022 €15,856 million, 2023 €17,739 million, 2024 €18,998 million and 2025 €21,516 million (the highest). The 2020 value comes from the 2024 annual report; 2021-2025 from the 2025 annual report.",fin_doc_011.pdf|fin_doc_012.pdf,fin_doc_011.pdf:3|fin_doc_012.pdf:3,True
fin_q_055,"Did DHL Group reach its own forecast for free cash flow including acquisitions and divestitures in fiscal year 2025, as published on March 5, 2025? Compare target and result, and say whether the target for free cash flow excluding acquisitions and divestitures was reached.","Did DHL meet its 2025 free cash flow guidance, both including and excluding M&A?","No. The target for free cash flow (including acquisitions and divestitures) was around €2.75 billion, while the 2025 result was €2.3 billion, i.e. below the target. By contrast, free cash flow excluding acquisitions and divestitures exceeded its target of around €3.0 billion, coming in at €3.2 billion.",fin_doc_011.pdf,fin_doc_011.pdf:39,True
fin_q_056,"According to the five-year key figures in DHL Group's 2025 Annual Report (2021-2024 as presented there, i.e. adjusted), was consolidated net cash from operating activities in fiscal year 2025 the highest of the five years 2021 to 2025? Give the figures.",Was DHL's 2025 operating cash flow the highest of 2021–2025?,"No. Net cash from operating activities was €9,119 million in 2025, which was only the fourth-highest of the five years. It was exceeded by 2022 (€10,965 million), 2021 (€9,993 million) and 2023 (€9,258 million); only 2024 (€8,722 million) was lower. Figures for 2021-2024 are as presented (adjusted) in the 2025 annual report.",fin_doc_011.pdf,fin_doc_011.pdf:3,True
fin_q_057,"In DHL Group's 2025 segment reporting, which division had the higher total capex in fiscal year 2025 (use the reported 'Total capex' line, i.e. assets acquired plus right-of-use assets as reported, not a re-addition of the components), Supply Chain or Post & Parcel Germany, and by how much in € million?","Which had higher 2025 capex at DHL, Supply Chain or Post & Parcel Germany, and by how much?","Supply Chain had the higher total capex in 2025 at €1,600 million versus €1,197 million for Post & Parcel Germany, a gap of €403 million, using the reported Total capex line (Supply Chain's components 561 + 1,038 sum to 1,599 because of rounding, which would give a gap of €402 million).",fin_doc_011.pdf,fin_doc_011.pdf:194|fin_doc_011.pdf:195,True
fin_q_058,Which of DHL Group's five operating divisions reported lower total revenue in fiscal year 2025 than in fiscal year 2024? List them with both years' figures in € million.,"Which DHL Group divisions had lower revenue in 2025 than in 2024, and by how much?","Three divisions: Express (€25,134 million in 2024 to €24,430 million in 2025), Global Forwarding, Freight (€19,649 million to €18,643 million) and eCommerce (€6,962 million to €6,884 million). Supply Chain (€17,693 million to €17,778 million) and Post & Parcel Germany (€17,347 million to €17,874 million) grew.",fin_doc_011.pdf,fin_doc_011.pdf:194|fin_doc_011.pdf:195,True
fin_q_059,"In how many of DHL Group's five operating divisions did capex for right-of-use assets exceed capex for assets acquired in fiscal year 2025, and which ones were they?",In which DHL Group divisions did right-of-use capex exceed capex for acquired assets in 2025?,"Three divisions: Express (right-of-use €1,587 million vs assets acquired €874 million), Global Forwarding, Freight (€196 million vs €101 million) and Supply Chain (€1,038 million vs €561 million). In eCommerce (€139 million vs €252 million) and Post & Parcel Germany (€162 million vs €1,035 million) assets-acquired capex was higher.",fin_doc_011.pdf,fin_doc_011.pdf:194|fin_doc_011.pdf:195,True
fin_q_060,"How did DHL Group's return on sales (EBIT divided by revenue) evolve from fiscal year 2021 to fiscal year 2025, using the figures as presented in the 2025 annual report's five-year key figures (where 2021-2024 are shown on an adjusted basis)?","How did DHL Group's return on sales evolve from 2021 to 2025, on the adjusted basis of its 2025 annual report?","On the adjusted basis shown for 2021-2024 in the 2025 annual report, return on sales fell in each year from 9.8% in 2021 to 8.9% in 2022, 7.8% in 2023 and 7.0% in 2024, and then recovered to 7.4% in 2025 (reported 2025 figure).",fin_doc_011.pdf,fin_doc_011.pdf:3,True
fin_q_061,"According to DHL Group's 2025 annual report, how did consolidated material expense develop in fiscal year 2025, and what did the report give as the main reasons?","How did DHL Group's material expense change in 2025, from what to what, and why?","Material expense fell from €42,766 million in 2024 to €40,910 million in 2025, chiefly due to lower transport costs in the Global Forwarding, Freight division and lower costs for aviation fuel in the Express division.",fin_doc_011.pdf,fin_doc_011.pdf:42,True
fin_q_062,"The Express division's 2025 EBIT of DHL Group included a negative net non-recurring effect. If that effect were excluded (added back), what would Express EBIT and the EBIT margin on the division's 2025 revenue have been? Give the EBIT in € million and the margin to one decimal place.",What would DHL Express's 2025 EBIT and EBIT margin have been excluding the net non-recurring effects?,"Reported Express EBIT was €3,162 million, including a negative net non-recurring effect of €129 million (restructuring, legal provisions and M&A effects). Excluding it, EBIT would be €3,291 million, and on revenue of €24,430 million the margin would be 13.5% (versus the reported 12.9%).",fin_doc_011.pdf,fin_doc_011.pdf:43,True
fin_q_063,"Looking at Belfius' consolidated credit risk exposure (Bank and Insurer combined, measured as Full Exposure at Default, FEAD) by counterparty type, which of the main counterparty categories (central governments, public sector entities, corporate, project finance, retail, financial institutions, other) recorded the largest increase in FEAD between 31 December 2024 and 31 December 2025, and by how much in EUR million?","Which counterparty category saw the largest increase in Belfius's credit risk exposure (FEAD) in 2025, and by how much?","Retail recorded the largest increase: FEAD rose from EUR 64,916 million at 31 December 2024 to EUR 68,279 million at 31 December 2025, i.e. +EUR 3,363 million. For comparison, the other categories changed by: corporate +EUR 2,178 million (55,686 to 57,864), financial institutions +EUR 1,328 million (13,413 to 14,741), central governments +EUR 302 million (34,336 to 34,638), project finance -EUR 273 million (2,397 to 2,124), other -EUR 1,107 million (4,551 to 3,444) and public sector entities -EUR 1,198 million (41,286 to 40,088). Total FEAD was EUR 221,178 million (2024: EUR 216,585 million).",fin_doc_002.pdf,fin_doc_002.pdf:93,True
fin_q_064,"In Luzerner Kantonalbank's 2025 disclosure report, which market risk category (general interest rate, equity, commodity, foreign exchange, credit spread, default risk or residual risk add-on) required the most regulatory capital under the standardised approach at 31 December 2025, and how much in CHF million?","Which market risk category had the largest capital requirement at Luzerner Kantonalbank at end-2025, and how much?","Credit spread risk (non-securitisations) required the most capital: CHF 140.7 million at 31 December 2025, out of a total market risk capital requirement of CHF 335.0 million. The other categories were equity risk CHF 75.4 million, foreign exchange risk CHF 44.0 million, general interest rate risk CHF 32.9 million, default risk (non-securitisations) CHF 29.3 million, commodity risk CHF 8.1 million and residual risk add-on CHF 4.5 million.",fin_doc_007.pdf,fin_doc_007.pdf:37,True
fin_q_065,"Rank the three asset classes with the largest risk-weighted assets (RWA) under Luzerner Kantonalbank's standardised approach for credit risk at 31 December 2025, considering the main asset classes only (not the 'of which' sub-lines), and give the RWA of each in CHF million.",What were Luzerner Kantonalbank's three largest asset classes by standardised credit risk RWA at end-2025?,"1) Directly and indirectly secured real estate exposures: CHF 19,055.2 million; 2) Corporates: CHF 2,949.3 million; 3) Retail: CHF 530.2 million. The next largest is public-sector entities at CHF 410.9 million. Total RWA under the standardised approach is CHF 24,113.5 million.",fin_doc_007.pdf,fin_doc_007.pdf:30,True
fin_q_066,Did ASN Bank's total capital ratio at 31 December 2025 exceed its overall capital requirement (OCR) as shown in its Pillar 3 key metrics? Give both figures.,Was ASN Bank's total capital ratio above its overall capital requirement at end-2025?,"Yes. ASN Bank's total capital ratio was 24.13% at 31 December 2025, above its overall capital requirement of 16.16% (total SREP own funds requirement of 11.50% plus combined buffer requirement of 4.66%), a headroom of 7.97 percentage points.",fin_doc_004.pdf,fin_doc_004.pdf:14,True
fin_q_067,"Compare the leverage ratio of ASN Bank at 31 December 2025 with that of Commonwealth Bank of Australia (Europe) N.V. at 30 June 2025, both as reported in their Pillar 3 key metrics. Which was higher and by how many percentage points?","Whose leverage ratio was higher: ASN Bank at end-2025 or CBA Europe N.V. at June 2025, and by how much?","Commonwealth Bank of Australia (Europe) N.V. had the higher leverage ratio: 20.79% at 30 June 2025, versus 5.09% for ASN Bank at 31 December 2025, a gap of 15.70 percentage points.",fin_doc_004.pdf|fin_doc_008.pdf,fin_doc_004.pdf:14|fin_doc_008.pdf:6|fin_doc_008.pdf:7,True
fin_q_068,"In how many of the six supervisory interest rate shock scenarios did Luzerner Kantonalbank's economic value of equity (EVE) decrease at 31 December 2025, and which scenarios were they?",In which supervisory interest rate shock scenarios did Luzerner Kantonalbank's EVE fall at end-2025?,"EVE decreased in 3 of the 6 scenarios at 31 December 2025: parallel down (CHF -285.4 million), flattener (CHF -241.5 million) and short rate up (CHF -123.9 million). It increased under parallel up (+CHF 120.5 million), steepener (+CHF 247.9 million) and short rate down (+CHF 130.7 million).",fin_doc_007.pdf,fin_doc_007.pdf:43,True
fin_q_069,"How did ASN Bank's Common Equity Tier 1 (CET1) capital evolve at the five quarter-end reporting dates from 31 December 2024 to 31 December 2025, in € million?",How did ASN Bank's CET1 capital develop quarter by quarter from end-2024 to end-2025?,"CET1 capital was €3,442 million at 31 December 2024 (CRR 2 basis), €3,587 million at 31 March 2025, €3,586 million at 30 June 2025, €3,626 million at 30 September 2025 and €3,613 million at 31 December 2025 (CRR 3 basis from March 2025). Overall it rose by €171 million over the year, peaking at the end of September 2025, with small dips at 30 June and 31 December 2025.",fin_doc_004.pdf,fin_doc_004.pdf:14,True
fin_q_070,What reasons does Commonwealth Bank of Australia (Europe) N.V. give in its Pillar 3 report for the movement in its standardised-approach credit risk and counterparty credit risk (CCR) total risk exposure amounts (TREA) between 30 June 2024 and 30 June 2025?,Why did CBA Europe N.V.'s standardised credit risk and CCR risk exposure amounts change in the year to June 2025?,"For standardised-approach credit risk, the bank says the amount remained relatively stable versus FY2024 (EUR 1,045,267 thousand at 30 June 2025 versus EUR 1,057,993 thousand at 30 June 2024); the small decrease is attributed to less exposure to institutions. For counterparty credit risk (CCR), TREA increased (EUR 15,867 thousand versus EUR 8,704 thousand) because the bank entered 6 new derivatives transactions, which increased the potential future exposure on interest rate derivatives and thereby the exposure value. (Amounts in the regulatory templates are expressed in EUR thousands, i.e. about EUR 1.05 billion and EUR 15.9 million respectively.)",fin_doc_008.pdf,fin_doc_008.pdf:8|fin_doc_008.pdf:5,True
fin_q_072,"Does Belfius Bank's Prudential Transition Plan set a quantitative limit on ESG-related credit risk exposure, and if so what is the limit?","Does Belfius's Prudential Transition Plan set a quantitative limit on ESG-related credit risk exposure, and what is it?","This cannot be established from the available documents. Belfius' 2025 risk report only states that the Prudential Transition Plan is a regulatory document giving an overview of the strategic actions and risk management tools Belfius deploys for ESG risks, and that it is not disclosed publicly (it is assessed by the supervisor as part of the SREP); no limits or quantitative targets from the plan are reported in any of the 12 documents.",,,False
fin_q_073,"At 31 December 2025, which asset class accounted for the largest share of Belfius Insurance's consolidated investment portfolio (market value, excluding Branch 23), and what percentage of the total portfolio did it represent (one decimal place)?","What was the largest asset class in Belfius Insurance's investment portfolio (excluding Branch 23) at end-2025, and its share?","Government bonds were the largest asset class at 31 December 2025, with a market value of EUR 6,165 million out of a total portfolio of EUR 15,403 million, i.e. 40.0% of the total. The other classes were smaller: mortgages EUR 3,332 million, corporate bonds and loans EUR 2,722 million, shares EUR 1,145 million, financial bonds EUR 1,082 million, real estate EUR 816 million, cash EUR 125 million, covered bonds EUR 15 million and derivatives EUR 1 million.",fin_doc_003.pdf,fin_doc_003.pdf:47,True
fin_q_074,"At 31 December 2025, which custodian location held the largest amount of the international-standard gold owned by the Central Bank of the Republic of Türkiye (CBRT), what was its value in TRY, and what share of the CBRT-owned international-standard gold did it represent?","Where was most of the CBRT's own international-standard gold held at end-2025, what was it worth in TRY, and what share?","The largest amount of the CBRT-owned international-standard gold was held at BIST (Borsa Istanbul): 382,926,774 net grams worth TRY 2,273,278,248,357 (about TRY 2.27 trillion). That is about 71.4% of the CBRT-owned international-standard gold of TRY 3,182,863,907,739 (2,273,278,248,357 / 3,182,863,907,739 = 0.7142). The rest was held at the Bank of England (TRY 707,647,035,234) and in the CBRT's own vaults (TRY 201,938,624,147).",fin_doc_006.pdf,fin_doc_006.pdf:112,True
fin_q_075,"Rank the three risk modules that feed Prudential International Assurance plc's basic Solvency Capital Requirement (market risk, default risk and life underwriting risk) by their Standard Formula capital requirement at 31 December 2025.","How do Prudential International Assurance's market, default and life underwriting SCR modules rank at end-2025?","At 31 December 2025 (£m, Standard Formula, before the diversification benefit of £(57.0)m): 1) Market Risk £81.1m; 2) Life Underwriting Risk £74.2m; 3) Default Risk £45.7m.",fin_doc_005.pdf,fin_doc_005.pdf:27,True
fin_q_077,"In the securities note of the Central Bank of the Republic of Türkiye's 2025 annual report (government bonds, Treasury bills and lease certificates issued by the Ministry of Treasury and Finance, excluding FX securities held within foreign correspondents), was the total fair value at 31 December 2025 above or below the total cost?",Was the fair value of the CBRT's Treasury-issued securities portfolio above or below cost at end-2025?,"Below. At 31 December 2025 the CBRT's securities portfolio (government bonds and Treasury bills TRY 251,511,260,096 cost vs TRY 235,358,764,152 fair value; lease certificates TRY 10,269,506,170 cost vs TRY 10,378,657,500 fair value) had a total cost of TRY 261,780,766,266 and a total fair value of TRY 245,737,421,652 (whole TRY), i.e. TRY 16,043,344,614 below cost. Only the lease certificates were above cost.",fin_doc_006.pdf,fin_doc_006.pdf:114,True
fin_q_078,"In Belfius Insurance's 2025 solvency shock table, how many of the eight stress scenarios lowered the consolidated Solvency II ratio compared with the 201% base case (after dividend), and which were they?","How many of Belfius Insurance's Solvency II stress scenarios cut its ratio below the 201% base case at end-2025, and which ones?","Six of the eight scenarios lowered the ratio: equity -30% (196%, -5pp); credit spread on government bonds +50bps (185%, -15pp); credit spread on corporate and government bonds +50bps (188%, -13pp); real estate -15% (193%, -8pp); no volatility adjustment (192%, -9pp); ultimate forward rate equal to 3% (200%, -1pp). The two scenarios that raised the ratio were interest rate -50bps (211%, +11pp) and credit spread on corporate bonds +50bps (206%, +5pp).",fin_doc_003.pdf,fin_doc_003.pdf:67,True
fin_q_079,"What were Belfius Insurance's three largest single-counterparty exposures at 31 December 2025 by market value (issuer and amount in EUR million), and what did its ten largest counterparty exposures total at that date?","What were Belfius Insurance's three largest counterparty exposures at end-2025, and what did its top ten exposures total?","At 31 December 2025 Belfius Insurance's three largest counterparty exposures were all sovereign (government bonds): (1) Belgian government EUR 1,786 million, (2) French government EUR 978 million and (3) Spanish government EUR 564 million. The fourth largest was the Walloon Region Belgium at EUR 464 million. The ten largest exposures totalled EUR 5,560 million (market value). These are the 2025 figures, not the 31 December 2024 table (Belgian government 1,851, French 1,057, Spanish 545; total 5,588).",fin_doc_003.pdf,fin_doc_003.pdf:47,True
fin_q_080,"What drove the ECB's write-downs on financial assets and positions of EUR 1,446 million in 2025, according to the notes to its financial statements?","What drove the ECB's EUR 1,446 million of write-downs on financial assets in 2025?","Write-downs of EUR 1,446 million consisted of unrealised exchange rate losses of EUR 1,316 million and unrealised price losses on securities of EUR 130 million. The exchange rate losses arose from all foreign currency holdings except the US dollar, with EUR 1,229 million from the Japanese yen, because the average acquisition cost was written down to the 2025 year-end exchange rate after these currencies depreciated against the euro to a level below their average cost. The price losses arose because the market value of a number of securities, mainly in the own funds and Japanese yen portfolios, declined alongside higher yields.",fin_doc_001.pdf,fin_doc_001.pdf:73,True
fin_q_081,"In the sensitivity analysis of Prudential International Assurance plc (PIA) for 2025, what impact does the table show for a 25% fall in equities on PIA's SCR coverage ratio (as printed, in %), Own Funds (£m), SCR (£m) and surplus (£m)?","In 2025, how would a 25% equity fall change Prudential International Assurance's SCR coverage ratio, own funds, SCR and surplus?","For a 25% fall in equities the table shows an SCR coverage ratio impact of 32% (printed unsigned, i.e. without brackets, whereas reductions in the same column are bracketed, so the impact is an increase of 32% as printed), Own Funds of (11), i.e. a £11m reduction, SCR of (15), i.e. a £15m reduction, and surplus of 4, i.e. a £4m increase.",fin_doc_005.pdf,fin_doc_005.pdf:29,True
fin_q_082,Did Prudential International Assurance plc's Solvency II coverage ratio remain above 300% at 30 June 2026?,Was Prudential International Assurance's Solvency II coverage ratio still above 300% at 30 June 2026?,"This cannot be established from the available documents. Prudential International Assurance plc's Solvency and Financial Condition Report only gives the position at 31 December 2025 (solvency coverage ratio of 309.7% after foreseeable dividends, versus 141.2% at 31 December 2024); no interim or 30 June 2026 solvency figure appears in any document of the corpus.",,,False
fin_q_083,"Among all share classes of the GFI Fund sub-fund of Guggenheim Global Investments plc, which one had the lowest total expense ratio (TER) for the financial year ended 31 December 2025, and what was it?",Which share class of Guggenheim's GFI Fund had the lowest TER in 2025?,"Class S GBP Distributing had the lowest TER of the GFI Fund sub-fund's 20 share classes for the financial year ended 31 December 2025, at 0.49% (all other classes were between 0.51% and 1.27%).",fin_doc_009.pdf,fin_doc_009.pdf:80,True
fin_q_084,"In Fresenius SE & Co. KGaA's 2025 consolidated segment reporting (excluding the discontinued Fresenius Vamed operations), which operating segment - Fresenius Kabi or Fresenius Helios - had the higher EBIT before special items, what were both figures, and what EBIT did the Corporate / Other column (presented after special items) report in 2025 and 2024?","In Fresenius's 2025 segment reporting, did Kabi or Helios have higher EBIT before special items, and what was Corporate/Other's EBIT in 2025 and 2024?","Fresenius Kabi had the higher 2025 EBIT before special items at €1,413 million, versus €1,328 million for Fresenius Helios (also before special items). The Corporate / Other column, which is shown after special items, reported negative EBIT of -€431 million in 2025, compared with -€534 million in 2024 (a 19% improvement). The Fresenius Group column shows EBIT of €2,310 million for 2025.",fin_doc_010.pdf,fin_doc_010.pdf:9,True
fin_q_085,"Rank Fresenius SE & Co. KGaA's three reporting segments (Fresenius Kabi, Fresenius Helios, Corporate / Other) by number of employees at the balance sheet date of December 31, 2025, and give the headcount of each.",Rank Fresenius's segments by employees at 31 December 2025.,"1) Fresenius Helios: 130,240 employees; 2) Fresenius Kabi: 40,913; 3) Corporate / Other: 7,241 (Fresenius Group total: 178,394), per capita on the balance sheet date.",fin_doc_010.pdf,fin_doc_010.pdf:10,True
fin_q_086,"Was Fresenius Group's EBIT margin before special items higher in 2025 than in 2024 (consolidated, excluding the discontinued Fresenius Vamed operations)?",Did Fresenius Group's EBIT margin before special items improve in 2025 versus 2024?,"No. The Fresenius Group EBIT margin before special items was 11.5% in 2025, slightly below 11.6% in 2024 (a decline of 0.1 percentage point). (For reference, as-reported Group EBIT of €2,073 million in 2024 and €2,310 million in 2025 is after special items and is a different basis from this margin.)",fin_doc_010.pdf,fin_doc_010.pdf:10,True
fin_q_089,"In Fresenius SE & Co. KGaA's consolidated segment reporting, which reporting segments recorded lower depreciation and amortization in 2025 than in 2024 (excluding the discontinued Fresenius Vamed operations), and by how much in € million?","Which Fresenius segments had lower depreciation and amortization in 2025 than in 2024, and by how much?","Two segments: Fresenius Kabi (€521 million in 2025 vs €556 million in 2024, down €35 million or 6%) and Corporate / Other (€64 million vs €167 million, down €103 million or 62%). Fresenius Helios increased to €535 million from €517 million. Group D&A fell to €1,120 million from €1,240 million.",fin_doc_010.pdf,fin_doc_010.pdf:9,True
fin_q_091,"According to the EMTN Base Prospectus of Belfius Bank (consolidated, CRR3/CRD6 basis), the minimum CET1 capital ratio requirement for 2025 before Pillar 2 Guidance includes a Pillar 2 add-on: what figure is counted, how does it relate to the total Pillar 2 Requirement (P2R) stated for 2025, and what explanation does the prospectus give for the difference?","How does the Pillar 2 add-on in Belfius's 2025 minimum CET1 requirement compare with its total P2R, and why?","The prospectus states a 2025 minimum CET1 capital ratio requirement of 10.88% (before Pillar 2 Guidance; 10.93% in 2024) that includes a Pillar II requirement of 1.15% (1.22% in 2024), described as the P2R 'after split of 2.02% P2R'. The total P2R for 2025 is 2.02% (initially set in December 2024 at 2.24% and subsequently reviewed to 2.02%; 2.16% in 2024). The prospectus explains the difference as follows: the P2R is to be held in the form of 56.25% CET1 capital for the 'general' P2R of 2%, and includes a prudential add-on for non-performing exposures of 2 bps to be held in the form of CET1 capital. (The prospectus does not show the arithmetic; it is consistent with 2% x 56.25% = 1.125% plus 0.02% = 1.145%, i.e. about 1.15%.) Pillar 2 Guidance of 1.00% is not part of the 10.88%; with it the figure is 11.88%.",fin_doc_013.pdf,fin_doc_013.pdf:130|fin_doc_013.pdf:131,True
fin_q_092,"At the end of 2025, on a consolidated basis for Belfius Bank and expressed as a percentage of total risk exposure amount (TREA, binding targets including the combined buffer requirement), which MREL cushion was larger: the realised total MREL over its binding target, or the realised MREL subordination over its binding target? Give both cushions and the difference in percentage points, computed from the ratios exactly as published (realised ratios to one decimal, targets to two decimals).","At end-2025, was Belfius's cushion over target larger for total MREL or for MREL subordination (% of TREA)?","The subordination cushion was larger. Total MREL: realised 31.2% of TREA (EUR 22.5 billion) versus a binding target of 28.91% (including the CBR), a cushion of 2.29 percentage points. MREL subordination: realised 22.7% of TREA (EUR 16.3 billion) versus a binding target of 18.73% (including the CBR), a cushion of 3.97 percentage points. The subordination cushion exceeds the total MREL cushion by 1.68 percentage points (3.97 - 2.29). Note: the realised ratios are published rounded to one decimal, so the cushions and the 1.68 pp gap are computed from rounded inputs and are accurate only to about +/-0.05 pp each.",fin_doc_013.pdf,fin_doc_013.pdf:155,True
fin_q_093,Was Belfius Bank's consolidated effective tax rate for 2025 under IFRS (total tax expense divided by net income before tax) above the statutory tax rate that the prospectus cites? Give the ratio to one decimal place.,"What was Belfius Bank's 2025 IFRS effective tax rate, and was it above the statutory rate?","Yes. Total tax expense of EUR 436,308,981 divided by net income before tax of EUR 1,598,462,817 gives an effective tax rate of 27.3% for 2025, above the 25% statutory tax rate cited by Belfius (the prospectus describes the effective rate as slightly above the statutory rate, due to a higher result before tax and untaxed capital gains in 2024).",fin_doc_013.pdf,fin_doc_013.pdf:181|fin_doc_013.pdf:129,True
fin_q_094,"Under the Terms and Conditions of Belfius Bank's EUR 25 billion EMTN Programme, can a Noteholder declare its Notes immediately repayable if Belfius fails to pay principal or interest when due, and which event does give holders that acceleration right?","Can Belfius EMTN noteholders accelerate their Notes after a missed payment, and what event triggers acceleration?","No. A payment default on principal or interest that continues for 30 days or more after the due date only allows a holder to institute proceedings for the dissolution or liquidation of the Issuer in Belgium; it does not by itself allow acceleration. The right to give written notice to the Paying Agent that the Notes are immediately repayable (Event of Default Redemption Amount plus, if applicable, accrued interest) arises only in the event of a dissolution or liquidation of the Issuer under Belgian law, including bankruptcy, judicial liquidation or voluntary liquidation (other than a voluntary liquidation in connection with a reconstruction, merger or amalgamation where the continuing corporation assumes all liabilities of the Issuer). Resolution action by the Relevant Resolution Authority does not entitle holders to accelerate.",fin_doc_013.pdf,fin_doc_013.pdf:103|fin_doc_013.pdf:104,True
fin_q_095,"According to the risk factors in Belfius Bank's EMTN Base Prospectus, how many cumulative conditions must be met before the Relevant Resolution Authority can exercise its bail-in powers over the Notes, what are they, and how many alternative circumstances can support the determination that Belfius Bank is 'failing or likely to fail'?","What conditions must be met before Belfius's EMTN notes can be bailed in, and how many grounds support 'failing or likely to fail'?","Three cumulative conditions: (a) the relevant regulator or Relevant Resolution Authority has determined that Belfius Bank is failing or is likely to fail; (b) having regard to timing and other circumstances, there is no reasonable prospect that any alternative private sector measures or supervisory action would prevent the failure within a reasonable timeframe; and (c) a resolution action is necessary in the public interest. Condition (a) is met if one or more of four circumstances is present: (i) Belfius infringes, or will in the near future infringe, the requirements for continuing authorisation in a way that would justify withdrawal of authorisation (including losses depleting all or a significant amount of own funds); (ii) its assets are, or will in the near future be, less than its liabilities; (iii) it is, or will in the near future be, unable to pay its debts or other liabilities as they fall due; (iv) it requests extraordinary public financial support.",fin_doc_013.pdf,fin_doc_013.pdf:31,True
fin_q_096,"In Belfius Bank's IFRS consolidated statement of income reproduced in the selected financial information of its EMTN Base Prospectus, what was total Income for 2025 and 2024 (in EUR), and why does the statement say the 2024 comparative was restated?","What was Belfius Bank's total income in its IFRS consolidated income statement for 2025 and 2024, and why was 2024 restated?","Total Income in the IFRS consolidated statement of income was EUR 3,284,231,922 in 2025 (about EUR 3,284 million) versus EUR 3,256,698,231 in 2024 (about EUR 3,257 million). The statement's footnote (1) says 2024 was 'Restated for 2024 due to refinement in presentation of commissions on payment transactions'. This IFRS line is not the 'Total income' of EUR 4,295 million (2025) and EUR 4,241 million (2024) quoted in the management discussion.",fin_doc_013.pdf,fin_doc_013.pdf:181|fin_doc_013.pdf:128,True
fin_q_097,"Belfius Bank's EMTN Base Prospectus says its consolidated CET1 ratio rose between end-2024 and end-2025. In the CET1 solvency-ratio commentary of Belfius's 2025 Pillar 3 report, does the headline year-on-year comparison show the same direction of change, and if not, what reference point and regulatory basis for end-2024 explain the difference?",Why does Belfius's Pillar 3 report show its CET1 ratio changing differently in 2025 than the prospectus does?,"No, not in the Pillar 3 headline comparison. Both documents give a CET1 ratio of 15.87% at 31 December 2025. The prospectus compares it with the published end-2024 ratio of 15.38% and reports an increase of +49 bps (lower total risk exposure amount, EUR -3.0 billion to EUR 72.1 billion, partly offset by lower CET1 capital, EUR -111 million). The Pillar 3 report compares it with the pro forma end-2024 ratio under CRR 3/CRD 6 (Basel IV) and reports a decrease of 29 bps (lower prudential capital -15 bps, higher risk exposures -14 bps). It also notes that the published and reported end-2024 ratio under CRR 2/CRD 5 was 15.38% (slightly adjusted from 15.39% after a late Corep correction), against which the ratio rose; the transition to Basel IV added 78 bps to the 2024 ratio (pro forma 16.16%). So the difference is the 2024 reference point: published CRR 2/CRD 5 basis (15.38%, +49 bps) versus pro forma CRR 3/CRD 6 basis (about 16.16%, -29 bps); +49 bps and -29 bps differ by 78 bps.",fin_doc_013.pdf|fin_doc_002.pdf,fin_doc_013.pdf:129|fin_doc_002.pdf:38|fin_doc_002.pdf:33,True
fin_q_098,"Under the definitions in the consolidated Prospectus for Germany of Guggenheim Global Investments plc dated 9 November 2023 (which consolidates the Company's prospectus dated 4 September 2023), could the Directors of Guggenheim Global Investments plc set up a Fund that has only one Dealing Day in a calendar month? Explain what a Dealing Day is and where the term 'Business Day' on which it is based is specified.",Can Guggenheim Global Investments plc set up a fund with only one Dealing Day a month? How are Dealing Day and Business Day defined?,"No. A 'Dealing Day' is defined, for each Fund, as each Business Day on which subscriptions for, redemptions of and exchanges of relevant Shares can be made by the Company, as specified in the Supplement for the relevant Fund and/or such other Dealing Days as the Directors determine and notify to Shareholders in advance, provided that there are at least two Dealing Days in each month occurring at regular intervals. 'Business Day' is not defined in the Prospectus itself: it means, in relation to any Fund, each day specified as such in the Supplement for the relevant Fund. So at least two Dealing Days per month, at regular intervals, are required.",fin_doc_014.pdf,fin_doc_014.pdf:11|fin_doc_014.pdf:12|fin_doc_014.pdf:13,True
fin_q_099,"According to the fees and expenses section of the consolidated Prospectus for Germany of Guggenheim Global Investments plc dated 9 November 2023, what maximum fees may the Administrator and the Depositary charge each Fund (as a percentage of Net Asset Value), what minimum annual fee applies to the Administrator, and what is the cap on the Directors' aggregate remuneration?","What are the maximum administrator and depositary fees, the minimum administrator fee and the directors' fee cap for Guggenheim Global Investments plc?","The Administrator may charge up to 0.05% per annum of each Fund's Net Asset Value, subject to a minimum fee of $50,000 (USD) per annum. The Depositary may charge up to 0.023% per annum of each Fund's Net Asset Value, under a tiered arrangement in which actual fees fall as a Fund's NAV grows (and subject to certain minimum amounts for small Funds), plus transaction and sub-custodian charges. The Directors' aggregate remuneration will not exceed €114,000 per annum. All fees are stated exclusive of VAT; the investment management and Manager's fees are set in each Fund's Supplement.",fin_doc_014.pdf,fin_doc_014.pdf:54|fin_doc_014.pdf:55,True
fin_q_100,"What risk does the consolidated Prospectus for Germany of Guggenheim Global Investments plc dated 9 November 2023 (which consolidates the Company's prospectus dated 4 September 2023) describe for investors in other share classes when a Guggenheim Global Investments plc Fund hedges currency exposure at Class level, and what limits on over-hedged and under-hedged positions (as % of the relevant Class's Net Asset Value) does it say apply to such hedging?","What risk does class-level currency hedging pose for other share classes at Guggenheim Global Investments plc, and what over/under-hedging limits apply?","Risk ('Currency Hedging at Class Level Risk'): hedging at Class level may expose the Fund to cross contamination risk, because it may not be possible to ensure that a counterparty's recourse is limited to the assets of the relevant Class. Although costs, gains and losses accrue solely to the relevant Class, hedging in one Class may impact negatively on another Class, particularly where EMIR or the DF Act require the Fund to post collateral (initial or variation margin); that collateral is posted at the Fund's risk, not the Class's, because the Class is not a segregated portion of the Fund's assets. Limits: over-hedged positions should not exceed 105% of the Net Asset Value of the relevant Class, and under-hedged positions should not fall short of 95% of the portion of the Class's Net Asset Value that is to be hedged against currency risk.",fin_doc_014.pdf,fin_doc_014.pdf:39|fin_doc_014.pdf:33,True
fin_q_101,"A sub-fund of Guggenheim Global Investments plc has net assets of USD 500 million and an OTC derivative counterparty exposure of USD 40 million to a single credit institution authorised in the United Kingdom. Ignoring any other exposure to that institution, does this comply with the OTC counterparty limit in the investment restrictions of the consolidated Prospectus for Germany of Guggenheim Global Investments plc dated 9 November 2023 (which consolidates the Company's prospectus dated 4 September 2023)? Give the applicable limit(s) as a percentage of net assets.",Can a Guggenheim Global Investments plc fund with USD 500m net assets have USD 40m OTC derivative exposure to one UK bank?,"Yes. The exposure is 8% of net assets (USD 40 million / USD 500 million). The general limit for risk exposure to a counterparty to an OTC FDI is 5% of net assets, which would be exceeded, but it is raised to 10% where the counterparty is a 'Relevant Institution'. A Relevant Institution includes credit institutions authorised within a signatory state (other than an EEA Member State) to the Basle Capital Convergence Agreement of July 1988, which the Prospectus states includes the United Kingdom. So the 10% limit applies and 8% is within it.",fin_doc_014.pdf,fin_doc_014.pdf:106|fin_doc_014.pdf:16,True
fin_q_103,"Rank the five categories of contributions that made up the AMF's (Autorité des marchés financiers) 2025 contribution revenue of €137.10 million — market capitalisation, issue of financial instruments/takeover bids/major holding notifications, 'dealing on own account', savings providers and products, and market infrastructures — from largest to smallest, with the 2025 amount of each in € million.","Rank the AMF's 2025 contribution revenue by category, largest to smallest, with amounts.","For 2025: (1) contributions levied on savings providers and products, €89.37 million (including €69.06 million for the management service); (2) contributions based on market capitalisation, €20.79 million; (3) contributions on the 'dealing on own account' investment service, €12.73 million; (4) fees and contributions for the issue of financial instruments, review of takeover bids and major holding notifications, €11.93 million; (5) contribution due by market infrastructures, €2.28 million. Together they make up the €137.10 million of 2025 contributions (2024: €131.40 million).",fin_doc_015.pdf,fin_doc_015.pdf:166,True
fin_q_104,"How did the AMF's (Autorité des marchés financiers) net result and its working capital change between the 2024 and 2025 financial years, in € million?",How did the AMF's net result and working capital change between 2024 and 2025?,"The AMF's net result improved from a net loss of €3.83 million (deficit) in 2024 to a minimal net loss of €0.66 million in 2025, after taking into account a repayment of €7.47 million to the general State budget. Working capital, which is still negative, rose from -€19.03 million in 2024 to -€8.61 million in 2025, thanks to a contribution of €10.42 million to working capital (an improvement of €10.42 million).",fin_doc_015.pdf,fin_doc_015.pdf:164,True
fin_q_106,"According to the AMF's (Autorité des marchés financiers) 2025 annual report, what is the maximum fine its Enforcement Committee may impose in general, and to what share of the sanctioned entity's turnover may fines be increased in certain cases?","What maximum fines can the AMF Enforcement Committee impose, including as a share of turnover?","The Enforcement Committee may impose fines of up to €100 million or ten times the amount of the benefit derived from the regulatory breach, if this can be determined. In certain cases (the report does not specify which), these fines may be increased to 15% of the sanctioned entity's total annual turnover.",fin_doc_015.pdf,fin_doc_015.pdf:139,True
fin_q_107,"What share of the inspections initiated by the AMF (Autorité des marchés financiers) in 2025 related to the thematic priorities of its Impact 2027 strategic orientations, and which thematic priorities were they?","What share of the AMF's 2025 inspections focused on its Impact 2027 thematic priorities, and which priorities?","In 2025, 80% of the inspections initiated by the AMF involved issues related to the thematic priorities of the Impact 2027 strategic orientations, namely retail investor protection, sustainable finance and innovation.",fin_doc_015.pdf,fin_doc_015.pdf:33,True
fin_q_108,"What net result did the AMF (Autorité des marchés financiers) budget for the 2027 financial year, and what level of investment did it plan for 2027?",What net result and investment did the AMF budget for 2027?,This cannot be established from the available documents. The AMF 2025 Annual Report only gives the 2026 budget outlook (expected net loss of -€7.69 million and investment of €4.11 million); no 2027 budget figures are disclosed in any document of the corpus.,,,False
fin_q_109,"In Fresenius SE & Co. KGaA's press release for Q4 and FY 2025 (dated February 25, 2026), was Group free cash flow higher in full-year 2025 than in full-year 2024, and what does the release say this free cash flow figure is measured after? Also, how did Q4/25 compare with Q4/24?","Did Fresenius Group free cash flow rise in FY and Q4 2025 versus 2024, and what is it measured after?","No. Group free cash flow was €1,285 million in FY 2025 versus €1,679 million in FY 2024, a decline of 23%. In Q4/25 it was higher: €966 million versus €580 million in Q4/24 (+67%). According to the release's footnote, this free cash flow is 'after acquisitions, dividends and lease liabilities' (continuing operations), and the release also notes that prior-year figures were adjusted due to the gradual exit from Fresenius Vamed.",fin_doc_017.pdf,fin_doc_017.pdf:8,True
fin_q_110,"In Fresenius' Q4/FY 2025 press release, what was the Group's net debt/EBITDA ratio at the end of 2025 versus 2024, what target corridor does the release compare it to, and on what basis does the release say the ratio is calculated?","What was Fresenius's net debt/EBITDA at end-2025 vs 2024, against what target corridor, and how is it calculated?","The net debt/EBITDA ratio was 2.7x at year-end 2025 versus 3.0x in 2024 (the release describes this as an improvement of 30 bp), 'well within the self-imposed target corridor of 2.5 to 3.0x'. The release's footnote defines the basis: at average exchange rates for both net debt and EBITDA; pro forma closed acquisitions/divestitures, including lease liabilities, including the Fresenius Medical Care dividend, and net debt adjusted for the valuation effect of the exchangeable bond.",fin_doc_017.pdf,fin_doc_017.pdf:1|fin_doc_017.pdf:7|fin_doc_017.pdf:8,True
fin_q_111,"What full-year 2026 guidance for the Fresenius Group does the Q4/FY 2025 press release give (organic revenue growth, constant currency Core EPS growth and EBIT margin), what 2025 base figures does it attach to the revenue and Core EPS guidance, and is the EBIT margin figure part of the official guidance?","What is Fresenius's FY 2026 guidance and 2025 base, and is the EBIT margin part of the official guidance?","For FY 2026 the release guides Fresenius Group organic revenue growth of 4% to 7% (2025 revenue base: €22,554 million) and constant currency Core EPS growth of 5% to 10% (2025 Core EPS base: €2.87; Core EPS is before special items and excludes Fresenius Medical Care). It also shows an EBIT margin of ~11.5% (2025 base: €2,595 million EBIT), but this is not part of the official guidance: the release states it is provided solely for modelling purposes.",fin_doc_017.pdf,fin_doc_017.pdf:3|fin_doc_017.pdf:7|fin_doc_017.pdf:7|fin_doc_017.pdf:7,True
fin_q_113,"Fresenius Group's EBIT for fiscal year 2025 is €2,595 million (before special items) in the Q4/FY 2025 press release, but the Group EBIT in the consolidated segment reporting of the Fresenius consolidated financial statements 2025 is €2,310 million (after special items). How large is the difference, and which special items explain it according to the notes to the financial statements?","Why is Fresenius's 2025 Group EBIT €2,595m in the press release but €2,310m in the financial statements? List the special items and amounts.","The difference is €285 million (€2,595 million before special items minus €2,310 million per IFRS). It equals the total EBIT special items of 2025 listed in note 3 of the consolidated financial statements: cost and efficiency programs -€174 million, legacy portfolio adjustments +€6 million, Fresenius transformation -€190 million, reduction of participation in Fresenius Medical Care +€85 million and legal and regulatory matters -€12 million, together -€285 million. In the segment reporting, Fresenius Kabi (€1,413 million) and Fresenius Helios (€1,328 million) are before special items, while the Corporate / Other column (-€431 million) is after special items and so contains the -€285 million on top of the -€146 million Group Corporate EBIT of the press release; hence the Group column of €2,310 million is EBIT after special items.",fin_doc_017.pdf|fin_doc_010.pdf,fin_doc_017.pdf:8|fin_doc_010.pdf:9|fin_doc_010.pdf:9|fin_doc_010.pdf:34|fin_doc_010.pdf:83,True
fin_q_115,"How much did the Banque de France receive from the European Central Bank's distribution of its 2025 profit, given its 16.3575% share of the ECB's capital key?",How much of the ECB's 2025 profit distribution went to the Banque de France?,"The Banque de France received nothing, because the premise is false: the ECB made no profit for 2025 to distribute. The ECB Annual Accounts 2025 report a loss for 2025 of €1,254 million (2024: loss of €7,944 million), and, following a decision by the Governing Council, this loss will be carried forward on the ECB's balance sheet and offset against future profits. The five-year profit and loss summary shows no profit distribution for 2025 (the last one was €192 million for 2021). Profit is only distributed to the shareholding NCBs in proportion to their paid-up shares when there is net profit; the Banque de France's capital key of 16.3575% (paid-up capital €1,771 million) therefore yields no 2025 distribution.",fin_doc_001.pdf,fin_doc_001.pdf:86|fin_doc_001.pdf:82|fin_doc_001.pdf:65,True
fin_q_116,"What Solvency II coverage ratio did The Prudential Assurance Company Limited (PAC), the immediate parent of Prudential International Assurance plc, report at 31 December 2025?",What was PAC's Solvency II ratio at end-2025?,"This cannot be established from the available documents. The corpus contains the Solvency and Financial Condition Report of Prudential International Assurance plc (PIA), not of its parent PAC. That report gives PIA's own solvency ratio (309.7% at 31 December 2025 after foreseeable dividends, versus 141.2% at end-2024) and only states that PIA monitors group risk through, among other things, PAC's solvency ratio, without giving its value. No document discloses PAC's (or M&G plc's) Solvency II coverage ratio.",,,False
fin_q_117,Why did Prudential International Assurance plc's Solvency II coverage ratio fall in 2025 after it entered into the new reinsurance agreement with its parent PAC?,Why did PIA's Solvency II ratio fall in 2025?,"It did not fall: the premise is false. According to Prudential International Assurance plc's (PIA) 2025 Solvency and Financial Condition Report, the Solvency II coverage ratio rose from 141.2% at end-2024 to 309.7% at end-2025 (after recognition of foreseeable dividends). The report attributes the increase to the new reinsurance agreement with its parent PAC, effective from Q4 2025, which reduced profit by £2.5m but significantly strengthened the solvency coverage ratio. It lowered the Solvency Capital Requirement from £288m to £139m (£288.4m to £138.7m), with market risk down from £159.2m to £81.1m and life underwriting risk down from £196.5m to £74.2m, while own funds increased from £407m to £430m.",fin_doc_005.pdf,fin_doc_005.pdf:5|fin_doc_005.pdf:6|fin_doc_005.pdf:27,True
fin_q_118,What net profit did Commonwealth Bank of Australia (Europe) N.V. (CBA NV) report for its financial year ended 30 June 2025?,What was CBA Europe NV's net profit for FY2025?,"This cannot be established from the available documents. The only CBA NV document in the corpus is its 2025 Pillar 3 report, which presents capital, risk exposure, leverage, liquidity and remuneration templates but no income statement; it refers to the Bank's 2025 Annual Report, which is not in the corpus. The Pillar 3 report shows retained earnings within CET1 of -€5,728 thousand at 30 June 2025 versus -€17,274 thousand at 30 June 2024 and attributes own-funds movements to profit retention and regulatory adjustments, but this change is not a reported net profit figure, and no net profit for FY2025 is disclosed.",,,False
fin_q_119,What total remuneration did Commonwealth Bank of Australia (Europe) N.V. pay in its 2025 financial year to identified staff working in independent internal control functions?,How much were CBA Europe NV's independent control function staff paid in 2025?,"This cannot be established from the available documents. CBA NV's 2025 Pillar 3 remuneration table for identified staff (EU REM5) shows one identified staff member in independent internal control functions, but the remuneration column for that category is left blank: a footnote states that, for confidentiality reasons, this remuneration has been aggregated and included in the 'All other' category (€1,426,223 in total for that combined category). The amount for independent internal control functions alone is therefore not disclosed.",,,False
fin_q_120,What consolidated net income (group share) did Belfius report for the fourth quarter of 2025 alone?,What was Belfius' Q4 2025 net profit?,"This cannot be established from the available documents. Belfius' 2025 annual results press release only reports full-year figures: consolidated net income group share of €1,160 million for 2025 (€1,127 million in 2024), of which €872 million contributed by the Belfius Bank group and €289 million by the Belfius Insurance group. Neither the press release nor the Pillar 3 report or the EMTN Base Prospectus gives a quarterly income statement, so the Q4 2025 net income cannot be derived; it would require a quarterly report, which is not in the corpus.",,,False
fin_q_121,What investment management fee does the Prospectus for Germany of Guggenheim Global Investments plc set for the Guggenheim Global High Yield Fund sub-fund?,What's the management fee of the Guggenheim Global High Yield Fund?,"None: the premise is false. Guggenheim Global Investments plc's Prospectus for Germany (9 November 2023) contains no sub-fund called Guggenheim Global High Yield Fund. It lists only two sub-funds admitted to public distribution in Germany: the GFI Fund and the Guggenheim Global Income Fund. The 2025 annual report likewise states that the Company has two authorised sub-funds, the GFI Fund and the GGI Fund. ""High yield securities"" appear in the prospectus only as an asset type/risk factor. For the existing Funds, the prospectus does not state a rate either: it says the investment management fee for each Fund or Class is as specified in the relevant Supplement.",fin_doc_014.pdf|fin_doc_009.pdf,fin_doc_014.pdf:130|fin_doc_009.pdf:5|fin_doc_014.pdf:54,True
fin_q_123,"In Prudential International Assurance plc's Solvency and Financial Condition Report for the year ended 31 December 2025, Solvency II technical provisions (gross of reinsurance) are lower than those in the FRS 102/103 financial statements. What is the total difference at 31 December 2025 in £ million, which line of business accounts for the largest part of it, and what share of the total difference does that line represent (one decimal)?","By how much were PIA's end-2025 Solvency II technical provisions below its financial statements, and which business line drove most of the gap (amount and share)?","At 31 December 2025 Solvency II technical provisions were £546m lower than in the financial statements (£10,220m vs £10,766m). The largest contributor was Insurance with profit participation, with a difference of £416m (financial statements £8,419m vs Solvency II £8,004m), i.e. 416 / 546 = about 76.2% of the total difference. The other components were Unit Linked Insurance £98m, Other life insurance £102m, and the Risk Margin (69), which exists only under Solvency II and therefore reduces the difference.",fin_doc_005.pdf,fin_doc_005.pdf:49|fin_doc_005.pdf:50,True
fin_q_124,"List the reconciling items, with their amounts in £ million, that bridge Prudential International Assurance plc's shareholders' equity in its financial statements to its Solvency II Own Funds at 31 December 2025, including the intermediate excess of assets over liabilities.","How does PIA bridge from financial-statement shareholders' equity to Solvency II own funds at end-2025, including the excess of assets over liabilities?","At 31 December 2025 (£ million): shareholders' equity in the financial statements £283m; removal of deferred acquisition costs and intangibles -£72m; difference in valuation of technical provisions, net of reinsurance +£392m; Risk Margin -£69m; difference in value of deferred tax -£39m; other £0m. This gives an excess of assets over liabilities (Solvency II) of £495m; after deducting the foreseeable dividend payable of -£65m, Own Funds are £430m (2024: £407m, with no foreseeable dividend deduction).",fin_doc_005.pdf,fin_doc_005.pdf:53|fin_doc_005.pdf:54,True
fin_q_125,"For Prudential International Assurance plc in 2025, did total investment income (interest and dividend-type income excluding realised and unrealised gains) increase compared with 2024, and how did the total investment return including gains evolve? Give the amounts in £ million.","Did PIA's investment income rise in 2025 versus 2024, and how did total investment return change?","No. Total investment income slightly decreased, from £24.6m in 2024 to £24.3m in 2025 (Fixed Income Securities 1.7 vs 1.7, Collective Investment Schemes 11.6 vs 9.6, Cash and Deposits 11.0 vs 13.4). In contrast, total investment return including gains rose from £193.3m to £255.1m, driven by total realised gains of £69.7m (2024: £45.4m) and total unrealised gains of £161.1m (2024: £123.3m). The report attributes the higher return to favourable market conditions and unrealised gains from investment funds, despite lower interest on cash and deposits due to decreased interest rates.",fin_doc_005.pdf,fin_doc_005.pdf:11|fin_doc_005.pdf:12,True
fin_q_126,"What was the Net Stable Funding Ratio (NSFR) of Commonwealth Bank of Australia (Europe) N.V. at 30 June 2025, what were its total available stable funding and total required stable funding (in EUR), and by how many percentage points did the NSFR change from 30 June 2024?","What was CBA Europe's NSFR at 30 June 2025, with available and required stable funding in EUR, and its change versus June 2024?","At 30 June 2025 CBA NV's NSFR was 188.08% (shown rounded as 188% in the detailed NSFR template). Total available stable funding was EUR 1,121,945,190 (about EUR 1.12 billion; EUR 1,121,945 thousand in the key metrics table) and total required stable funding EUR 596,519,838 (about EUR 596.5 million; EUR 596,520 thousand). Note that the detailed liquidity template is in absolute EUR while the key metrics table is in EUR thousands. The NSFR rose from 136.26% at 30 June 2024, an increase of 51.82 percentage points.",fin_doc_008.pdf,fin_doc_008.pdf:5|fin_doc_008.pdf:32|fin_doc_008.pdf:33|fin_doc_008.pdf:6|fin_doc_008.pdf:7,True
fin_q_127,"Under the supervisory interest rate shock scenarios for its non-trading book (IRRBB), which scenario produced the largest decrease in the economic value of equity (EVE) of Commonwealth Bank of Australia (Europe) N.V. at 30 June 2025, how large was that decrease (state the unit), and which scenario was the most adverse for EVE at 30 June 2024?","Which IRRBB supervisory shock cut CBA Europe's economic value of equity most at 30 June 2025, by how much, and which was worst at June 2024?","At 30 June 2025 the most adverse scenario for EVE was 'Short rates up', with a change of -965,790.94 (absolute EUR amount, i.e. a decrease of about EUR 0.97 million). The other EVE decreases were Parallel up -835,493.44 and Flattener -745,294.84, while Parallel down (+847,589.07), Steepener (+592,431.41) and Short rates down (+981,685.73) increased EVE. At 30 June 2024 the most adverse scenario was 'Parallel down', at -679,002.25 EUR. Unlike most templates in the report (EUR thousands), these IRRBB amounts are in absolute EUR.",fin_doc_008.pdf,fin_doc_008.pdf:55,True
fin_q_128,"For Commonwealth Bank of Australia (Europe) N.V.'s standardised-approach credit risk exposures to corporates, how did on-balance-sheet exposures and the risk-weighted exposure amount (RWEA) change between 30 June 2024 and 30 June 2025 (amounts in EUR thousand), and how much of the 30 June 2025 corporate on-balance-sheet exposure was specialised lending?","How did CBA Europe's standardised corporate on-balance exposures and RWEA change from June 2024 to June 2025, and how much was specialised lending in 2025?","Corporate on-balance-sheet exposures rose slightly from EUR 824,887 thousand at 30 June 2024 to EUR 829,439 thousand at 30 June 2025 (an increase of EUR 4,552 thousand, about EUR 0.83 billion in total); RWEA rose from EUR 1,008,284 thousand to EUR 1,011,231 thousand (an increase of EUR 2,947 thousand). At 30 June 2025, specialised lending (an 'of which' line of corporates) accounted for EUR 136,464 thousand of the on-balance-sheet exposures (RWEA EUR 160,313 thousand); no specialised lending was reported at 30 June 2024 (shown as nil). Note: the template reports a corporate RWEA density of 101.15% for 30 June 2025 (100.00% for 30 June 2024), but RWEA divided by on- plus off-balance-sheet exposures post CCF and CRM gives 1,011,231 / (829,439 + 180,025) = about 100.18%, so the reported 2025 density does not recompute and is not part of the answer. The bank describes standardised credit risk exposures overall as relatively stable compared with 30 June 2024.",fin_doc_008.pdf,fin_doc_008.pdf:41|fin_doc_008.pdf:42|fin_doc_008.pdf:5,True
fin_q_129,"In the ECB's Annual Accounts 2025, which individual portfolio of debt securities held by the ECB for monetary policy purposes (SMP, CBPP3, ABSPP, PSPP government/agency securities, PEPP covered bonds, PEPP government/agency securities) recorded the largest percentage decline in amortised cost between 31 December 2024 and 31 December 2025, and by how much did it fall?","Which ECB monetary policy securities portfolio fell most in percentage terms (amortised cost) in 2025, and by how much in euros and percent?","The asset-backed securities purchase programme (ABSPP) portfolio fell the most: its amortised cost dropped from EUR 7,047 million at end-2024 to EUR 3,038 million at end-2025, a decrease of EUR 4,010 million as reported in the change column (EUR 4,009 million by subtracting the rounded balances), i.e. a change of -56.9% (a decline of about 56.9%). For comparison, the changes in amortised cost were about -35.3% for the SMP (286 to 185), -15.2% for CBPP3 (20,437 to 17,326), -13.8% for PSPP government/agency securities (192,664 to 166,126), -9.3% for PEPP covered bonds (867 to 786) and -11.4% for PEPP government/agency securities (155,480 to 137,804), all in EUR millions.",fin_doc_001.pdf,fin_doc_001.pdf:47,True
fin_q_130,"How did the ECB's liabilities related to TARGET (net) on its balance sheet evolve at each year-end from 2021 to 2025 (EUR millions), in which of these years were they highest, and what reasons does the ECB's Annual Accounts 2025 give for the decrease in the net TARGET liability in 2025?","How did the ECB's net TARGET liability evolve from 2021 to 2025, and why did it fall in 2025?","Liabilities related to TARGET (net) were EUR 334,618 million at end-2021, EUR 315,090 million at end-2022, EUR 404,336 million at end-2023 (the peak of the period), EUR 348,074 million at end-2024 and EUR 313,491 million at end-2025, the lowest of the five year-ends. In 2025 the net TARGET liability decreased by EUR 34.6 billion, mainly owing to cash inflows from redemptions of monetary policy securities, partially offset by cash outflows related to (i) the decrease in liabilities to non-euro area residents denominated in euro and (ii) the interest expense paid on the ECB's net TARGET liability.",fin_doc_001.pdf,fin_doc_001.pdf:81|fin_doc_001.pdf:16,True
fin_q_131,"In Belfius' 2025 annual results press release (consolidated, unaudited key figures of the management report), rank the four outstanding loan segments (Mortgage & Consumer Loans, Business, Corporate, Public & Social) by percentage growth in outstanding loans between 31 December 2024 (as adjusted for the new segmentation) and 31 December 2025, computing growth from the published figures in EUR billion (one decimal). State whether the ranking could change because of that rounding.","Using the published EUR billion figures, rank Belfius' loan segments by 2025 growth in outstanding loans; is the order robust to rounding?","Based on the published figures: 1) Mortgage & Consumer Loans: €49.6 billion to €52.7 billion, +6.25% (about +6.3%); 2) Corporate: €26.3 billion to €27.5 billion, about +4.6%; 3) Business: €18.2 billion to €18.9 billion, about +3.8%; 4) Public & Social: €24.2 billion to €24.3 billion, about +0.4% (the release's text gives +0.5%). Total outstanding loans rose from €118.4 billion to €123.4 billion. Because the inputs are rounded to €0.1 billion, the order of Corporate and Business is not robust: Corporate growth could lie between about 4.2% and 5.0% and Business between about 3.3% and 4.4%, so the two ranges overlap; the first place (Mortgage & Consumer Loans, at least about 6.0%) and the last place (Public & Social, at most about 0.8%) are robust. The 31.12.2024 breakdown was slightly adjusted because of the new segmentation (footnote to the table).",fin_doc_016.pdf,fin_doc_016.pdf:8,True
fin_q_132,"In Belfius' 2025 annual results press release (consolidated), how did the total cost of risk in 2025 compare with 2024 in € million, and how is the 2025 net provision explained by the provisions for non-performing (phase 3) loans and the net movement on substandard (phases 1 and 2) loans? Show that the two components reconcile with the reported total.","What was Belfius' 2025 cost of risk versus 2024, and how did stage 3 provisions and the stage 1-2 reversal make it up?","The cost of risk fell from €133 million in 2024 to €80 million in 2025 (shown as -133 and -80 in the income statement), a decrease the release describes as 40% (exactly 39.8%). The 2025 net provision consists of €186.6 million of provisions for non-performing (phase 3) loans (€249.3 million in 2024) and a net reversal of €106.3 million on substandard loans (phases 1 and 2): €186.6 million - €106.3 million = €80.3 million, consistent with the reported €80 million.",fin_doc_016.pdf,fin_doc_016.pdf:8|fin_doc_016.pdf:6,True
fin_q_133,"For the GFI Fund sub-fund of Guggenheim Global Investments plc, was the share of financial assets at fair value through profit or loss classified as Level 3 in the fair value hierarchy lower at 31 December 2025 than at 31 December 2024? Give the Level 3 amounts and shares (USD '000), and state which movement in the 2025 Level 3 reconciliation reduced the balance the most.","Did the GFI Fund's Level 3 share of FVTPL assets fall in 2025, and what reduced Level 3 most?","Yes. Level 3 financial assets at FVTPL were USD 34,751 thousand out of USD 822,568 thousand at 31 December 2025 (about 4.2%), down from USD 43,596 thousand out of USD 819,578 thousand at 31 December 2024 (about 5.3%). In the 2025 Level 3 reconciliation the largest reduction came from sales of USD (8,471) thousand, followed by transfers out of Level 3 of USD (5,063) thousand and a net loss of USD (291) thousand, partly offset by purchases of USD 4,598 thousand and transfers into Level 3 of USD 382 thousand.",fin_doc_009.pdf,fin_doc_009.pdf:38|fin_doc_009.pdf:39,True
fin_q_134,"According to the interest rate risk disclosures in the financial statements of Guggenheim Global Investments plc for the financial year ended 31 December 2025, which sub-fund (GFI Fund or GGI Fund) was more sensitive to a 0.75% increase in interest rates relative to its net assets at 31 December 2025? Give each sub-fund's stated decrease in net assets (USD '000) and that decrease as a percentage of the sub-fund's net assets.","Which Guggenheim sub-fund, GFI or GGI, lost more net assets in percent from a 0.75% rate rise at end-2025? Give each decrease and percentage.","The GFI Fund. Its effective duration was 6.0 years (2024: 6.4 years) and a 0.75% rise in interest rates would decrease net assets by USD 33,859 thousand, about 4.5% of its net assets of USD 752,433 thousand. The GGI Fund had an effective duration of 2.4 years (2024: 2.3 years) and the same shock would decrease net assets by USD 667 thousand, about 1.8% of its net assets of USD 37,039 thousand.",fin_doc_009.pdf,fin_doc_009.pdf:32|fin_doc_009.pdf:33,True
